Prix,Surface,Commune,Pieces,DPE,Titre,Lien,Source
1350.0,1002.0,Vannes,4.0,,Maison 1002 m2 Vannes (56),https://www.paruvendu.fr/immobilier/location/maison/1289476921A1KILHMN000,paruvendu
1300.0,300.0,Saint-Avé,1.0,,Atelier 300 m2 Saint-Avé (56),https://www.paruvendu.fr/immobilier/location/atelier/1293458767A1KILHAT000,paruvendu
445.0,65.0,Vannes,4.0,,Location Chambre 4 pièces Vannes Kercado - Trussac 56 445 € Colocation Meublé,https://www.ouestfrance-immo.com/immobilier/location/appartement/vannes-56-56260/chambre-20350962.htm,ouestfrance
1350.0,150.0,Vannes,4.0,6.0,Maison 150 m2 Vannes (56),https://www.paruvendu.fr/immobilier/location/maison/1291300267A1KILHMN000,paruvendu
1025.0,106.0,Plaudren,5.0,7.0,Maison 106 m2 Plaudren (56),https://www.paruvendu.fr/immobilier/location/maison/1291703483A1KILHMN000,paruvendu
750.0,75.0,Arradon,4.0,5.0,Appartement 75 m2 Arradon (56),https://www.paruvendu.fr/immobilier/location/appartement/1293317298A1KILHAP000,paruvendu
454.0,45.0,Vannes,2.0,,Duplex/triplex 45 m2 Vannes (56),https://www.paruvendu.fr/immobilier/location/duplex-triplex/1290564789A1KILHDU000,paruvendu
1016.0,98.0,Grand-Champ,5.0,6.0,Appartement 98 m2 Grand-Champ (56),https://www.paruvendu.fr/immobilier/location/appartement/1292789524A1KILHAP000,paruvendu
760.0,73.0,Vannes,3.0,2.0,Appartement 73 m2 Vannes (56),https://www.paruvendu.fr/immobilier/location/appartement/1293102061A1KILHAP000,paruvendu
870.0,78.0,Vannes,3.0,4.0,Appartement 78 m2 Vannes (56),https://www.paruvendu.fr/immobilier/location/appartement/1292802001A1KILHAP000,paruvendu
1300.0,115.0,Ploeren,4.0,2.0,Maison 115 m2 Ploeren (56),https://www.paruvendu.fr/immobilier/location/maison/1292721670A1KILHMN000,paruvendu
600.0,53.0,Vannes,3.0,4.0,Maison 53 m2 Vannes (56),https://www.paruvendu.fr/immobilier/location/maison/1293220692A1KILHMN000,paruvendu
600.0,53.0,Vannes,3.0,,Location maison 3 pièces Vannes Centre Ville 56 600 € Meublé,https://www.ouestfrance-immo.com/immobilier/location/maison/vannes-56-56260/20422388.htm,ouestfrance
1300.0,114.0,Vannes,6.0,5.0,Maison 114 m2 Vannes (56),https://www.paruvendu.fr/immobilier/location/maison/1293072065A1KILHMN000,paruvendu
1375.0,120.0,Vannes,7.0,4.0,Maison 120 m2 Vannes (56),https://www.paruvendu.fr/immobilier/location/maison/1293505444A1KILHMN000,paruvendu
642.0,54.0,Pluneret,3.0,,Location appartement 3 pièces Pluneret 56 642 €,https://www.ouestfrance-immo.com/immobilier/location/appartement/pluneret-56-56176/3-pieces-20452685.htm,ouestfrance
642.0,54.0,Pluneret,3.0,3.0,Appartement 54 m2 Pluneret (56),https://www.paruvendu.fr/immobilier/location/appartement/1293483005A1KILHAP000,paruvendu
967.0,76.0,Vannes,4.0,4.0,Appartement 76 m2 Vannes (56),https://www.paruvendu.fr/immobilier/location/appartement/1293477898A1KILHAP000,paruvendu
1200.0,94.0,Sarzeau,4.0,5.0,Appartement 94 m2 Sarzeau (56),https://www.paruvendu.fr/immobilier/location/appartement/1288614849A1KILHAP000,paruvendu
320.0,25.0,Plumergat,,,Location Studio 1 pièce Plumergat 56 320 €,https://www.ouestfrance-immo.com/immobilier/location/appartement/plumergat-56-56175/studio-20456233.htm,ouestfrance
750.0,58.0,Sarzeau,3.0,,Appartement 58 m2 Sarzeau (56),https://www.paruvendu.fr/immobilier/location/appartement/1290642821A1KILHAP000,paruvendu
670.0,50.0,Elven,2.0,5.0,Appartement 50 m2 Elven (56),https://www.paruvendu.fr/immobilier/location/appartement/1293102065A1KILHAP000,paruvendu
700.0,52.0,Plougoumelen,3.0,,Location appartement 3 pièces Plougoumelen 56 700 €,https://www.ouestfrance-immo.com/immobilier/location/appartement/plougoumelen-56-56167/3-pieces-20430620.htm,ouestfrance
620.0,46.0,Vannes,2.0,4.0,Appartement 46 m2 Vannes (56),https://www.paruvendu.fr/immobilier/location/appartement/1293515115A1KILHAP000,paruvendu
620.0,46.0,Vannes,2.0,,Location appartement 2 pièces Vannes 56 620 €,https://www.ouestfrance-immo.com/immobilier/location/appartement/vannes-56-56260/2-pieces-20400303.htm,ouestfrance
1260.0,89.0,Surzur,5.0,4.0,Maison 89 m2 Surzur (56),https://www.paruvendu.fr/immobilier/location/maison/1293102071A1KILHMN000,paruvendu
540.0,38.0,Vannes,2.0,,Appartement 38 m2 Vannes (56),https://www.paruvendu.fr/immobilier/location/appartement/1292888489A1KILHAP000,paruvendu
550.0,38.0,Vannes,2.0,,Location appartement 2 pièces Vannes 56 550 € Meublé,https://www.ouestfrance-immo.com/immobilier/location/appartement/vannes-56-56260/2-pieces-20456909.htm,ouestfrance
360.0,24.0,Vannes,,,Location appartement 1 pièce Vannes 56 360 €,https://www.ouestfrance-immo.com/immobilier/location/appartement/vannes-56-56260/t1-20451668.htm,ouestfrance
983.0,64.0,Vannes,3.0,4.0,Appartement 64 m2 Vannes (56),https://www.paruvendu.fr/immobilier/location/appartement/1292856988A1KILHAP000,paruvendu
890.0,57.0,Vannes,3.0,3.0,Appartement 57 m2 Vannes (56),https://www.paruvendu.fr/immobilier/location/appartement/1293505446A1KILHAP000,paruvendu
595.0,38.0,Vannes,2.0,,Location appartement 2 pièces Vannes Vincin 56 595 €,https://www.ouestfrance-immo.com/immobilier/location/appartement/vannes-56-56260/2-pieces-20455963.htm,ouestfrance
705.0,45.0,Vannes,2.0,5.0,Appartement 45 m2 Vannes (56),https://www.paruvendu.fr/immobilier/location/appartement/1293330116A1KILHAP000,paruvendu
630.0,40.0,Plescop,2.0,,Location appartement 2 pièces Plescop 56 630 €,https://www.ouestfrance-immo.com/immobilier/location/appartement/plescop-56-56158/2-pieces-20388196.htm,ouestfrance
815.0,51.0,Séné,3.0,4.0,Maison 51 m2 Séné (56),https://www.paruvendu.fr/immobilier/location/maison/1291665236A1KILHMN000,paruvendu
695.0,43.0,Elven,2.0,4.0,Appartement 43 m2 Elven (56),https://www.paruvendu.fr/immobilier/location/appartement/1293469087A1KILHAP000,paruvendu
580.0,35.0,,2.0,4.0,Appartement 35 m2,https://www.paruvendu.fr/immobilier/location/appartement/1292005394A1KILHAP000,paruvendu
700.0,42.0,Vannes,2.0,,Location appartement 2 pièces Vannes Bondon - Kerlann 56 700 €,https://www.ouestfrance-immo.com/immobilier/location/appartement/vannes-56-56260/2-pieces-20273033.htm,ouestfrance
1000.0,60.0,Sarzeau,4.0,4.0,Maison 60 m2 Sarzeau (56),https://www.paruvendu.fr/immobilier/location/maison/1293238772A1KILHMN000,paruvendu
635.0,38.0,Vannes,2.0,,Location appartement 2 pièces Vannes 56 635 € Meublé,https://www.ouestfrance-immo.com/immobilier/location/appartement/vannes-56-56260/2-pieces-20409287.htm,ouestfrance
950.0,55.0,Vannes,3.0,,Appartement 55 m2 Vannes (56),https://www.paruvendu.fr/immobilier/location/appartement/1293469085A1KILHAP000,paruvendu
450.0,25.0,Saint Ave,,,Location appartement 1 pièce Saint-Avé 56 450 €,https://www.ouestfrance-immo.com/immobilier/location/appartement/saint-ave-56-56206/t1-20375412.htm,ouestfrance
470.0,26.0,Sene,,,Location Studio 1 pièce Séné 56 470 € Meublé,https://www.ouestfrance-immo.com/immobilier/location/appartement/sene-56-56243/studio-20404007.htm,ouestfrance
895.0,47.0,Vannes,2.0,5.0,Appartement 47 m2 Vannes (56),https://www.paruvendu.fr/immobilier/location/appartement/1293114908A1KILHAP000,paruvendu
750.0,39.0,Vannes,2.0,3.0,Appartement 39 m2 Vannes (56),https://www.paruvendu.fr/immobilier/location/appartement/1292562568A1KILHAP000,paruvendu
500.0,26.0,Vannes,1.0,3.0,Appartement 26 m2 Vannes (56),https://www.paruvendu.fr/immobilier/location/appartement/1293505445A1KILHAP000,paruvendu
350.0,18.0,Saint-Avé,1.0,6.0,Appartement 18 m2 Saint-Avé (56),https://www.paruvendu.fr/immobilier/location/appartement/1293373040A1KILHAP000,paruvendu
710.0,36.0,Vannes,2.0,4.0,Appartement 36 m2 Vannes (56),https://www.paruvendu.fr/immobilier/location/appartement/1293330115A1KILHAP000,paruvendu
655.0,33.0,Vannes,2.0,,Location appartement 2 pièces Vannes 56 655 € Meublé,https://www.ouestfrance-immo.com/immobilier/location/appartement/vannes-56-56260/2-pieces-19563644.htm,ouestfrance
620.0,31.0,Theix Noyalo,2.0,,Location appartement 2 pièces Theix 56 620 € Meublé,https://www.ouestfrance-immo.com/immobilier/location/appartement/theix-noyalo-56-56251/2-pieces-20315951.htm,ouestfrance
520.0,25.0,Vannes,,,Location appartement 1 pièce Vannes 56 520 € Meublé,https://www.ouestfrance-immo.com/immobilier/location/appartement/vannes-56-56260/t1-18703700.htm,ouestfrance
760.0,36.0,Vannes,2.0,5.0,Appartement 36 m2 Vannes (56),https://www.paruvendu.fr/immobilier/location/appartement/1293072069A1KILHAP000,paruvendu
543.0,25.0,Sarzeau,,,Location appartement 1 pièce Sarzeau 56 543 €,https://www.ouestfrance-immo.com/immobilier/location/appartement/sarzeau-56-56240/t1-20138508.htm,ouestfrance
398.0,18.0,Vannes,,,Location appartement 1 pièce Vannes Vincin 56 398 €,https://www.ouestfrance-immo.com/immobilier/location/appartement/vannes-56-56260/t1-20379419.htm,ouestfrance
611.0,27.0,Vannes,,,Location appartement 1 pièce Vannes 56 611 €,https://www.ouestfrance-immo.com/immobilier/location/appartement/vannes-56-56260/t1-19688665.htm,ouestfrance
650.0,25.0,Larmor Baden,,,Location appartement 1 pièce Larmor-Baden 56 650 € Meublé,https://www.ouestfrance-immo.com/immobilier/location/appartement/larmor-baden-56-56106/t1-20383178.htm,ouestfrance
470.0,17.0,Sainte-Anne-d'Auray,2.0,3.0,Appartement 17 m2 Sainte-Anne-d'Auray (56),https://www.paruvendu.fr/immobilier/location/appartement/1282630749A1KILHAP000,paruvendu
610.0,20.0,Vannes,,,Location Studio 1 pièce Vannes 56 610 € Meublé,https://www.ouestfrance-immo.com/immobilier/location/appartement/vannes-56-56260/studio-20424585.htm,ouestfrance
620.0,19.0,Vannes,,,Location appartement 1 pièce Vannes Centre Ville 56 620 € Meublé,https://www.ouestfrance-immo.com/immobilier/location/appartement/vannes-56-56260/t1-20383168.htm,ouestfrance
350.0,10.0,Sene,,,Location Chambre 1 pièce Séné 56 350 € Meublé,https://www.ouestfrance-immo.com/immobilier/location/appartement/sene-56-56243/chambre-20177286.htm,ouestfrance
400.0,10.0,Vannes,2.0,,Location appartement 2 pièces Vannes Ménimur - St-Guen 56 400 € Colocation Meublé,https://www.ouestfrance-immo.com/immobilier/location/appartement/vannes-56-56260/2-pieces-19930561.htm,ouestfrance
